{"cameraMode":{"drawMode":0,"name":"Shaded","section":"Shading Mode"},"sceneLighting":true,"audioPlay":false,"sceneViewState":{"m_AlwaysRefresh":false,"showFog":true,"showSkybox":true,"showFlares":true,"showImageEffects":true,"showParticleSystems":true,"showVisualEffectGraphs":true,"m_FxEnabled":true},"in2DMode":false,"pivot":{"x":-5.7267656326293949,"y":-12.606609344482422,"z":-10.767812728881836},"rotation":{"x":0.30553025007247927,"y":-0.19386529922485352,"z":0.06368615478277207,"w":0.93006432056427},"size":56.895137786865237,"orthographic":false}